ST,STATE,ST_ABBR,LABEL,FIPS,LOCATION,AREA_SQMI,E_TOTPOP,M_TOTPOP,E_HU,M_HU,E_HH,M_HH,E_POV,M_POV,E_UNEMP,M_UNEMP,E_PCI,M_PCI,E_NOHSDP,M_NOHSDP,E_AGE65,M_AGE65,E_AGE17,M_AGE17,E_DISABL,M_DISABL,E_SNGPNT,M_SNGPNT,E_MINRTY,M_MINRTY,E_LIMENG,M_LIMENG,E_MUNIT,M_MUNIT,E_MOBILE,M_MOBILE,E_CROWD,M_CROWD,E_NOVEH,M_NOVEH,E_GROUPQ,M_GROUPQ,EP_POV,MP_POV,EP_UNEMP,MP_UNEMP,EP_PCI,MP_PCI,EP_NOHSDP,MP_NOHSDP,EP_AGE65,MP_AGE65,EP_AGE17,MP_AGE17,EP_DISABL,MP_DISABL,EP_SNGPNT,MP_SNGPNT,EP_MINRTY,MP_MINRTY,EP_LIMENG,MP_LIMENG,EP_MUNIT,MP_MUNIT,EP_MOBILE,MP_MOBILE,EP_CROWD,MP_CROWD,EP_NOVEH,MP_NOVEH,EP_GROUPQ,MP_GROUPQ,EPL_POV,EPL_UNEMP,EPL_PCI,EPL_NOHSDP,SPL_THEME1,RPL_THEME1,EPL_AGE65,EPL_AGE17,EPL_DISABL,EPL_SNGPNT,SPL_THEME2,RPL_THEME2,EPL_MINRTY,EPL_LIMENG,SPL_THEME3,RPL_THEME3,EPL_MUNIT,EPL_MOBILE,EPL_CROWD,EPL_NOVEH,EPL_GROUPQ,SPL_THEME4,RPL_THEME4,SPL_THEMES,RPL_THEMES,F_POV,F_UNEMP,F_PCI,F_NOHSDP,F_THEME1,F_AGE65,F_AGE17,F_DISABL,F_SNGPNT,F_THEME2,F_MINRTY,F_LIMENG,F_THEME3,F_MUNIT,F_MOBILE,F_CROWD,F_NOVEH,F_GROUPQ,F_THEME4,F_TOTAL,E_UNINSUR,M_UNINSUR,EP_UNINSUR,MP_UNINSUR,E_DAYPOP
26,MICHIGAN,MI,Allegan County,26005,"Allegan County, Michigan",825.2486237,115250,0,50772,123,43000,474,11781,1150,1794,259,28073,661,7278,510,17957,86,28356,0,11756,560,3243,345.1,13178,26,799,280.4,1437,260.4,5791,454,887,164.9,1863,279,1216,277,10.3,1,3.2,0.5,28073,661,9.3,0.7,15.6,0.1,24.6,0,10.3,0.5,7.5,0.8,11.4,0,0.7,0.3,2.8,0.5,11.4,0.9,2.1,0.4,4.3,0.6,1.1,0.2,0.2057,0.1484,0.3669,0.2913,1.0123,0.2064,0.2572,0.7927,0.0796,0.3792,1.5087,0.171,0.384,0.4642,0.8482,0.4202,0.4801,0.5189,0.5498,0.2563,0.185,1.9901,0.2506,5.3593,0.1758,0,0,0,0,0,0,0,0,0,0,0,0,0,0,0,0,0,0,0,0,5215,547,4.6,0.5,95100
26,MICHIGAN,MI,Alpena County,26007,"Alpena County, Michigan",571.8648784,28612,0,16044,93,12717,234,4033,410,800,132,25115,1008,1765,170,6395,43,5468,15,5158,302,1048,157,1177,12,78,71.8,577,107.5,1000,119,93,47.2,958,147,539,185,14.4,1.5,6,1,25115,1008,8.4,0.8,22.4,0.2,19.1,0.1,18.3,1.1,8.2,1.2,4.1,0,0.3,0.3,3.6,0.7,6.2,0.7,0.7,0.4,7.5,1.1,1.9,0.6,0.4723,0.5854,0.5809,0.2232,1.8618,0.4682,0.8373,0.1439,0.7281,0.5053,2.2146,0.6683,0.0707,0.227,0.2977,0.1194,0.5788,0.2939,0.078,0.7447,0.4728,2.1682,0.3222,6.5423,0.3408,0,0,0,0,0,0,0,0,0,0,0,0,0,0,0,0,0,0,0,0,1778,304,6.3,1.1,27937
26,MICHIGAN,MI,Barry County,26015,"Barry County, Michigan",553.0943899,60057,0,27468,95,23840,421,5120,688,1543,339,28783,944,3071,393,10654,70,13495,5,7364,487,1837,285.8,3412,86,190,146.8,556,164.8,1934,268,442,143,833,177,694,193,8.7,1.2,5.2,1.1,28783,944,7.3,0.9,17.7,0.1,22.5,0,12.3,0.8,7.7,1.2,5.7,0.1,0.3,0.3,2,0.6,7,1,1.9,0.6,3.5,0.7,1.2,0.3,0.1166,0.449,0.3245,0.1442,1.0343,0.2121,0.4616,0.5151,0.2041,0.4126,1.5934,0.2111,0.1678,0.227,0.3948,0.1697,0.3725,0.3343,0.4817,0.1458,0.2184,1.5527,0.1102,4.5752,0.0869,0,0,0,0,0,0,0,0,0,0,0,0,0,0,0,0,0,0,0,0,2751,429,4.6,0.7,42033
26,MICHIGAN,MI,Bay County,26017,"Bay County, Michigan",442.2401883,104786,0,48260,139,43891,489,16577,1039,3483,411,26644,701,7778,578,20057,87,21648,0,16395,764,4468,397.4,10276,17,290,129.7,2882,281.4,2428,316,353,109.8,3501,366,1423,295,16,1,6.9,0.8,26644,701,10.4,0.8,19.1,0.1,20.7,0,15.8,0.7,10.2,0.9,9.8,0,0.3,0.1,6,0.6,5,0.7,0.8,0.3,8,0.8,1.4,0.3,0.5831,0.7232,0.4707,0.3792,2.1562,0.558,0.5995,0.2846,0.5365,0.7905,2.2111,0.6663,0.3391,0.227,0.5661,0.2671,0.7542,0.2308,0.0981,0.7867,0.3018,2.1716,0.3241,7.105,0.4404,0,0,0,0,0,0,0,0,0,0,0,0,0,0,0,0,0,0,0,0,5758,663,5.5,0.6,90835
26,MICHIGAN,MI,Berrien County,26021,"Berrien County, Michigan",567.7767208,154807,0,77322,192,63908,674,24848,1282,4856,469,29311,662,11190,560,29119,0,34247,0,22803,896,5928,433.3,38869,132,1660,298,5017,402.4,4000,323,1201,199,5251,432,4386,431,16.5,0.8,6.4,0.6,29311,662,10.4,0.5,18.8,0,22.1,0,14.8,0.6,9.3,0.7,25.1,0.1,1.1,0.2,6.5,0.5,5.2,0.4,1.9,0.3,8.2,0.7,2.8,0.3,0.6194,0.6545,0.2901,0.3792,1.9432,0.4914,0.5718,0.4642,0.4352,0.6832,2.1544,0.6205,0.6355,0.6087,1.2442,0.6527,0.7771,0.242,0.4817,0.8026,0.6428,2.9462,0.7364,8.288,0.6475,0,0,0,0,0,0,0,0,0,0,0,0,0,0,0,0,0,0,0,0,12004,894,7.8,0.6,149433
26,MICHIGAN,MI,Branch County,26023,"Branch County, Michigan",506.4130126,43584,0,20818,116,16506,261,6357,592,894,150,24249,780,3289,246,7709,102,10186,99,5915,380,1529,197.3,4096,28,609,189.1,795,135,2733,207,273,69.1,1112,170,2373,262,15.5,1.4,4.5,0.8,24249,780,10.9,0.8,17.7,0.2,23.4,0.2,14.3,0.9,9.3,1.2,9.4,0.1,1.5,0.5,3.8,0.6,13.1,1,1.7,0.4,6.7,1,5.4,0.6,0.5471,0.3299,0.6414,0.4164,1.9348,0.4879,0.4616,0.6406,0.389,0.6832,2.1744,0.6345,0.3266,0.6905,1.0171,0.5193,0.6017,0.588,0.4056,0.6425,0.8262,3.064,0.7896,8.1903,0.6315,0,0,0,0,0,0,0,0,0,0,0,0,0,0,0,0,0,0,0,0,4600,601,11.1,1.4,38980
26,MICHIGAN,MI,Cass County,26027,"Cass County, Michigan",490.1052023,51460,0,26213,83,20855,375,6157,695,1700,250,29923,1199,4441,420,10202,63,10818,0,9164,510,1818,238.2,7109,80,126,99,428,116.7,2241,226,514,140,927,181,416,144,12.1,1.4,6.7,1,29923,1199,12.1,1.1,19.8,0.1,21,0,17.9,1,8.7,1.1,13.8,0.2,0.3,0.2,1.6,0.4,8.5,0.9,2.5,0.7,4.4,0.8,0.8,0.3,0.3194,0.6968,0.2576,0.4989,1.7727,0.4392,0.6679,0.3216,0.6982,0.5938,2.2815,0.7186,0.4441,0.227,0.6711,0.3184,0.298,0.4015,0.6622,0.2697,0.0936,1.725,0.1633,6.4503,0.328,0,0,0,0,0,0,0,0,0,0,0,0,0,0,0,0,0,0,0,0,3839,484,7.5,0.9,38419
26,MICHIGAN,MI,Charlevoix County,26029,"Charlevoix County, Michigan",416.329458,26219,0,17630,53,11379,261,2776,301,572,94,32559,1339,1236,127,6020,22,5152,0,3723,230,762,129.7,1616,20,75,65.3,756,149.9,1148,120,79,30.8,612,120,329,68,10.8,1.2,4.5,0.7,32559,1339,6.4,0.7,23,0.1,19.6,0,14.3,0.9,6.7,1.1,6.2,0.1,0.3,0.3,4.3,0.9,6.5,0.7,0.7,0.3,5.4,1,1.3,0.3,0.2369,0.3299,0.1522,0.0898,0.8088,0.1427,0.8621,0.1853,0.389,0.2537,1.6901,0.2617,0.1964,0.227,0.4234,0.1897,0.6476,0.3101,0.078,0.4435,0.2582,1.7374,0.1687,4.6597,0.0968,0,0,0,0,0,0,0,0,0,0,0,0,0,0,0,0,0,0,0,0,1671,214,6.4,0.8,24323
26,MICHIGAN,MI,Clinton County,26037,"Clinton County, Michigan",566.4183815,77896,0,31496,126,29421,322,7184,737,1559,219,33568,821,3110,288,12490,69,17745,0,9626,558,1841,255.7,7747,5,392,130.1,2392,244,2147,206,237,77.1,793,126,725,151,9.3,1,4,0.6,33568,821,5.8,0.5,16,0.1,22.8,0,12.5,0.7,6.3,0.9,9.9,0,0.5,0.2,7.6,0.8,6.8,0.7,0.8,0.3,2.7,0.4,0.9,0.2,0.1449,0.2455,0.1261,0.0611,0.5776,0.0774,0.2891,0.5578,0.2162,0.2069,1.27,0.0847,0.3426,0.3582,0.7008,0.3349,0.8157,0.3241,0.0981,0.0726,0.1165,1.427,0.0831,3.9754,0.0401,0,0,0,0,0,0,0,0,0,0,0,0,0,0,0,0,0,0,0,0,2968,457,3.8,0.6,51902
26,MICHIGAN,MI,Delta County,26041,"Delta County, Michigan",1171.100586,36190,0,20352,77,15949,310,4728,557,884,163,26852,1151,1603,213,8209,25,7291,30,6497,417,1444,214.8,2515,33,47,76.3,887,142.8,1524,179,219,86.3,1294,184,569,126,13.3,1.6,5.3,1,26852,1151,6.1,0.8,22.7,0.1,20.1,0.1,18.2,1.2,9.1,1.3,6.9,0.1,0.1,0.2,4.4,0.7,7.5,0.9,1.4,0.5,8.1,1.1,1.6,0.3,0.3962,0.4691,0.4564,0.0755,1.3972,0.3223,0.8478,0.2254,0.7205,0.653,2.4467,0.8214,0.2302,0.0707,0.3009,0.121,0.6571,0.3569,0.2964,0.7956,0.3792,2.4852,0.4807,6.63,0.3545,0,0,0,0,0,0,0,0,0,0,0,0,0,0,0,0,0,0,0,0,2182,376,6.1,1,34025
26,MICHIGAN,MI,Dickinson County,26043,"Dickinson County, Michigan",760.9472487,25570,0,14070,58,11087,289,3345,447,514,171,28020,1499,972,164,5480,83,5115,20,4610,443,844,164.9,1221,46,48,69.7,585,171.5,792,148,152,65.3,800,173,406,113,13.3,1.8,4.4,1.5,28020,1499,5.2,0.9,21.4,0.3,20,0.1,18.3,1.7,7.6,1.5,4.8,0.2,0.2,0.3,4.2,1.2,5.6,1,1.4,0.6,7.2,1.6,1.6,0.4,0.3962,0.3121,0.3717,0.0417,1.1217,0.2404,0.7889,0.2162,0.7281,0.3961,2.1293,0.5979,0.1098,0.1477,0.2575,0.099,0.6399,0.2611,0.2964,0.7112,0.3792,2.2878,0.3824,5.7963,0.2296,0,0,0,0,0,0,0,0,0,0,0,0,0,0,0,0,0,0,0,0,1154,272,4.6,1.1,27611
26,MICHIGAN,MI,Emmet County,26047,"Emmet County, Michigan",467.5189133,33039,0,21575,103,14510,345,3108,381,878,149,32455,960,1481,179,6901,29,6568,9,4205,276,1137,206,2891,42,70,80.9,1297,193.2,1229,145,178,53.5,858,152,505,173,9.5,1.2,5,0.9,32455,960,6.2,0.7,20.9,0.1,19.9,0,12.9,0.8,7.8,1.4,8.8,0.1,0.2,0.3,6,0.9,5.7,0.7,1.2,0.4,5.9,1.1,1.5,0.5,0.1551,0.4166,0.1589,0.0799,0.8105,0.1439,0.7545,0.2089,0.2483,0.433,1.6447,0.2381,0.3044,0.1477,0.4521,0.2073,0.7542,0.2668,0.2203,0.5294,0.3457,2.1164,0.2993,5.0237,0.1357,0,0,0,0,0,0,0,0,0,0,0,0,0,0,0,0,0,0,0,0,2730,305,8.3,0.9,35342
26,MICHIGAN,MI,Grand Traverse County,26055,"Grand Traverse County, Michigan",464.3389181,91746,0,43464,180,37134,538,9033,1008,2359,331,33754,1195,3181,408,16856,95,18855,12,11242,720,2886,393.1,6817,97,422,214.2,3052,291.8,3402,321,648,207.1,1905,268,2483,357,10.1,1.1,4.9,0.7,33754,1195,4.8,0.6,18.4,0.1,20.6,0,12.5,0.8,7.8,1.1,7.4,0.1,0.5,0.2,7,0.7,7.8,0.7,1.7,0.6,5.1,0.7,2.7,0.4,0.1949,0.3981,0.1191,0.0302,0.7423,0.122,0.5352,0.2748,0.2162,0.433,1.4592,0.1506,0.2518,0.3582,0.61,0.2884,0.7943,0.3703,0.4056,0.389,0.625,2.5842,0.5415,5.3957,0.1803,0,0,0,0,0,0,0,0,0,0,0,0,0,0,0,0,0,0,0,0,6277,755,7,0.8,96789
26,MICHIGAN,MI,Hillsdale County,26059,"Hillsdale County, Michigan",598.1519701,45830,0,21943,124,17904,308,7045,667,1023,140,24749,792,3649,318,8509,52,10150,0,6796,291,1396,198.9,2337,28,221,104.9,671,125.6,1907,156,400,87.1,1333,182,1655,230,16,1.5,5,0.7,24749,792,11.7,1,18.6,0.1,22.1,0,15,0.6,7.8,1.1,5.1,0.1,0.5,0.2,3.1,0.6,8.7,0.7,2.2,0.5,7.4,1,3.6,0.5,0.5831,0.4166,0.6035,0.4712,2.0744,0.5344,0.5521,0.4642,0.4543,0.433,1.9036,0.4091,0.1324,0.3582,0.4906,0.2283,0.5202,0.411,0.5801,0.7338,0.7262,2.9713,0.7504,7.4399,0.5019,0,0,0,0,0,0,0,0,0,0,0,0,0,0,0,0,0,0,0,0,3482,494,7.7,1.1,38441
26,MICHIGAN,MI,Houghton County,26061,"Houghton County, Michigan",1009.100118,36360,0,18786,153,13340,348,7087,679,1063,184,22866,1305,1517,242,6033,62,7349,0,4255,323,684,117.2,2935,67,256,117.7,1462,199.4,875,106,327,96.4,1256,164,2524,355,20.9,2,6.5,1.2,22866,1305,7.2,1.1,16.6,0.2,20.2,0,11.8,0.9,5.1,0.9,8.1,0.2,0.7,0.3,7.8,1.1,4.7,0.6,2.5,0.7,9.4,1.2,6.9,1,0.8178,0.6697,0.7439,0.1347,2.3661,0.6268,0.3451,0.2353,0.1706,0.0939,0.8449,0.028,0.2802,0.4642,0.7444,0.3607,0.823,0.2146,0.6622,0.8787,0.8704,3.4489,0.9306,7.4043,0.4962,0,0,0,0,0,0,0,0,0,0,0,0,0,0,0,0,0,0,0,0,2616,476,7.3,1.3,35681
26,MICHIGAN,MI,Huron County,26063,"Huron County, Michigan",836.0441842,31543,0,21258,112,13918,282,4005,353,794,88,27130,759,2577,213,7668,35,6112,0,5103,246,976,119.3,1477,12,79,65.4,466,83.8,1711,138,197,57,849,123,555,197,12.9,1.1,5.4,0.6,27130,759,11.1,0.9,24.3,0.1,19.4,0,16.4,0.8,7,0.8,4.7,0,0.3,0.2,2.2,0.4,8,0.7,1.4,0.4,6.1,0.8,1.8,0.6,0.3736,0.4876,0.4344,0.4276,1.7232,0.4236,0.8988,0.1691,0.581,0.2961,1.945,0.4413,0.1047,0.227,0.3317,0.1334,0.4037,0.3824,0.2964,0.5626,0.4448,2.0899,0.2897,6.0898,0.2745,0,0,0,0,0,0,0,0,0,0,0,0,0,0,0,0,0,0,0,0,1957,197,6.3,0.6,27232
26,MICHIGAN,MI,Ionia County,26067,"Ionia County, Michigan",571.3181858,64176,0,24856,173,22858,346,7681,780,1576,224,23956,586,4280,339,8950,88,15030,208,7227,464,2248,283.4,7462,25,211,118,1268,223.6,3149,306,527,158.7,1210,221,3861,375,12.8,1.3,5.2,0.7,23956,586,9.9,0.8,13.9,0.1,23.4,0.3,12,0.8,9.8,1.2,11.6,0,0.3,0.2,5.1,0.9,12.7,1.2,2.3,0.7,5.3,1,6,0.6,0.3643,0.449,0.6637,0.3384,1.8154,0.4513,0.1442,0.6406,0.184,0.7469,1.7157,0.2754,0.3887,0.227,0.6157,0.2919,0.7065,0.5737,0.6049,0.4225,0.8504,3.158,0.8306,7.3048,0.478,0,0,0,0,0,0,0,0,0,0,0,0,0,0,0,0,0,0,0,0,3719,426,6.2,0.7,52182
26,MICHIGAN,MI,Jackson County,26075,"Jackson County, Michigan",701.8801122,158913,0,69508,199,61696,578,20924,1295,4957,490,26942,751,10304,575,26583,64,34714,0,23406,951,6370,483.9,24222,65,651,169.2,5204,452.7,4436,431,855,214.7,4589,443,9495,436,14.1,0.9,6.8,0.7,26942,751,9.4,0.5,16.7,0.1,21.8,0,15.5,0.6,10.3,0.8,15.2,0,0.4,0.1,7.5,0.7,6.4,0.6,1.4,0.3,7.4,0.7,6,0.3,0.4513,0.7092,0.4494,0.2964,1.9063,0.4812,0.3566,0.418,0.5005,0.7994,2.0745,0.5559,0.476,0.297,0.773,0.3795,0.8109,0.3028,0.2964,0.7338,0.8504,2.9943,0.7599,7.7481,0.5506,0,0,0,0,0,0,0,0,0,0,0,0,0,0,0,0,0,0,0,0,9661,923,6.4,0.6,146796
26,MICHIGAN,MI,Kalkaska County,26079,"Kalkaska County, Michigan",559.7433146,17463,0,12317,75,7139,199,2946,307,590,114,23687,1011,1672,151,3394,18,3685,18,3193,196,635,124.7,995,16,37,57.5,177,60.2,2127,184,186,54.9,357,75,151,105,17,1.8,7.5,1.4,23687,1011,13.3,1.2,19.4,0.1,21.1,0.1,18.3,1.1,8.9,1.7,5.7,0.1,0.2,0.3,1.4,0.5,17.3,1.5,2.6,0.8,5,1.1,0.9,0.6,0.6494,0.7895,0.6857,0.5661,2.6907,0.7213,0.6323,0.3327,0.7281,0.6234,2.3165,0.7402,0.1678,0.1477,0.3155,0.1261,0.2579,0.7122,0.6864,0.3715,0.1165,2.1445,0.3123,7.4672,0.5083,0,0,0,0,0,0,0,0,0,0,0,0,0,0,0,0,0,0,0,0,1646,236,9.5,1.4,14027
26,MICHIGAN,MI,Lapeer County,26087,"Lapeer County, Michigan",644.5913345,88202,0,36583,150,33320,333,8697,767,2681,327,28309,755,5765,358,15019,101,18796,116,12390,534,2363,262.7,7175,112,666,215,1036,196.7,2838,278,543,107.7,1663,231,1884,260,10.1,0.9,6.4,0.8,28309,755,9.3,0.6,17,0.1,21.3,0.1,14.3,0.6,7.1,0.8,8.1,0.1,0.8,0.3,2.8,0.5,7.8,0.8,1.6,0.3,5,0.7,2.1,0.3,0.1949,0.6545,0.3564,0.2913,1.4971,0.3487,0.3897,0.3505,0.389,0.3123,1.4415,0.1439,0.2802,0.5113,0.7915,0.3875,0.4801,0.3703,0.3703,0.3715,0.5244,2.1166,0.2999,5.8467,0.2382,0,0,0,0,0,0,0,0,0,0,0,0,0,0,0,0,0,0,0,0,6384,526,7.4,0.6,66396
26,MICHIGAN,MI,Lenawee County,26091,"Lenawee County, Michigan",749.6330508,98474,0,43751,177,38222,462,11411,805,2365,283,26958,708,6278,422,17507,65,21128,0,14932,681,3587,368,12988,53,948,283.9,1575,233.7,2791,302,450,136.4,2052,253,5206,356,12.2,0.9,5.1,0.6,26958,708,9.2,0.6,17.8,0.1,21.5,0,15.7,0.7,9.4,1,13.2,0.1,1,0.3,3.6,0.5,6.4,0.7,1.2,0.4,5.4,0.7,5.3,0.4,0.3245,0.4303,0.4478,0.2853,1.4879,0.3446,0.4715,0.3747,0.5221,0.6972,2.0655,0.5473,0.4295,0.5791,1.0086,0.5154,0.5788,0.3028,0.2203,0.4435,0.8227,2.3681,0.4206,6.9301,0.4076,0,0,0,0,0,0,0,0,0,0,0,0,0,0,0,0,0,0,0,0,5628,507,5.9,0.5,82149
26,MICHIGAN,MI,Livingston County,26093,"Livingston County, Michigan",565.2457507,188482,0,75642,140,71180,496,10489,924,4243,353,38399,616,6040,446,29976,84,41755,30,19506,738,4095,352.4,10492,123,533,139.7,3553,346.9,4045,339,699,123,2331,280,1241,286,5.6,0.5,4.2,0.3,38399,616,4.6,0.3,15.9,0.1,22.2,0,10.4,0.4,5.8,0.5,5.6,0.1,0.3,0.1,4.7,0.5,5.3,0.4,1,0.2,3.3,0.4,0.7,0.2,0.0226,0.2745,0.0535,0.0242,0.3748,0.029,0.2811,0.4756,0.0847,0.1487,0.9901,0.0433,0.1585,0.227,0.3855,0.1665,0.6819,0.2455,0.155,0.121,0.0729,1.2763,0.0516,3.0267,0.0067,0,0,0,0,0,0,0,0,0,0,0,0,0,0,0,0,0,0,0,0,7542,693,4,0.4,144929
26,MICHIGAN,MI,Macomb County,26099,"Macomb County, Michigan",479.2481812,868704,0,364337,242,343592,1244,97303,3321,25707,1104,31104,309,62977,1978,141001,70,186502,0,121028,2180,28484,1211.7,177226,473,20232,1233.7,28719,1111.3,13548,629,6119,517.8,21112,894,8775,518,11.3,0.4,5.7,0.2,31104,309,10.3,0.3,16.2,0.1,21.5,0,14,0.3,8.3,0.4,20.4,0.1,2.5,0.2,7.9,0.3,3.7,0.2,1.8,0.2,6.1,0.3,1,0.1,0.2659,0.5344,0.208,0.3709,1.3792,0.3166,0.3098,0.3747,0.3524,0.5234,1.5603,0.1961,0.568,0.8112,1.3792,0.7386,0.8255,0.1601,0.4457,0.5626,0.1525,2.1464,0.313,6.4651,0.3296,0,0,0,0,0,0,0,0,0,0,0,0,0,0,0,0,0,0,0,0,49410,2125,5.7,0.2,753358
26,MICHIGAN,MI,Marquette County,26103,"Marquette County, Michigan",1809.038836,66939,0,34803,267,26203,493,10259,761,1957,255,26290,693,2081,270,11904,69,12124,11,9317,493,1821,239.1,5215,32,368,140.5,2690,243.7,1799,198,293,78.8,1571,197,4259,601,16.4,1.2,6.1,0.8,26290,693,4.7,0.6,17.8,0.1,18.1,0,14.3,0.7,6.9,0.9,7.8,0,0.6,0.2,7.7,0.7,5.2,0.6,1.1,0.3,6,0.7,6.4,0.9,0.6111,0.6032,0.4968,0.0267,1.7378,0.4287,0.4715,0.0895,0.389,0.2792,1.2292,0.0748,0.2668,0.4187,0.6855,0.3276,0.8195,0.242,0.1888,0.5441,0.8602,2.6546,0.5804,6.3071,0.3057,0,0,0,0,0,0,0,0,0,0,0,0,0,0,0,0,0,0,0,0,3476,516,5.3,0.8,65238
26,MICHIGAN,MI,Mason County,26105,"Mason County, Michigan",494.971857,28884,0,17468,87,12115,258,4299,509,814,150,28812,1845,1587,203,6464,48,5930,0,4689,302,1000,150.3,2468,12,79,69.6,676,138.7,1838,180,136,42.5,706,156,476,187,15.1,1.8,6.1,1.1,28812,1845,7.6,1,22.4,0.2,20.5,0,16.4,1,8.3,1.2,8.5,0,0.3,0.3,3.9,0.8,10.5,1,1.1,0.3,5.8,1.3,1.6,0.6,0.5229,0.6032,0.3217,0.1681,1.6159,0.392,0.8373,0.2642,0.581,0.5234,2.2059,0.6625,0.2958,0.227,0.5228,0.2426,0.6145,0.483,0.1888,0.5142,0.3792,2.1797,0.327,6.5243,0.3376,0,0,0,0,0,0,0,0,0,0,0,0,0,0,0,0,0,0,0,0,1946,254,6.8,0.9,26949
26,MICHIGAN,MI,Mecosta County,26107,"Mecosta County, Michigan",555.1167513,43264,0,21406,164,15858,401,8582,807,1393,209,23182,866,2828,295,7659,52,8085,0,6618,375,1269,164.4,3719,17,38,76.3,1013,214.1,3333,229,329,104,1076,142,2980,306,21.3,2,7,1,23182,866,10.5,1.1,17.7,0.1,18.7,0,15.4,0.9,8,1,8.6,0,0.1,0.2,4.7,1,15.6,1.1,2.1,0.7,6.8,0.8,6.9,0.7,0.8306,0.7347,0.721,0.3868,2.6731,0.7156,0.4616,0.1188,0.4906,0.4712,1.5422,0.1878,0.3002,0.0707,0.3709,0.1573,0.6819,0.6663,0.5498,0.6565,0.8704,3.4249,0.9258,8.0111,0.5975,0,0,0,0,0,0,0,0,0,0,0,0,0,0,0,0,0,0,0,0,2803,352,6.5,0.8,44303
26,MICHIGAN,MI,Menominee County,26109,"Menominee County, Michigan",1044.040376,23234,0,14291,74,10665,229,2918,367,498,116,27609,1757,1306,161,5319,32,4373,10,4204,285,815,135.9,1597,3,36,58.1,526,93.5,1236,119,125,41.6,837,137,382,136,12.8,1.6,4.4,1,27609,1757,7.6,0.9,22.9,0.1,18.8,0,18.3,1.2,7.6,1.3,6.9,0,0.2,0.3,3.7,0.7,8.6,0.8,1.2,0.4,7.8,1.3,1.6,0.6,0.3643,0.3121,0.4,0.1681,1.2445,0.2768,0.8583,0.1242,0.7281,0.3961,2.1067,0.5785,0.2302,0.1477,0.3779,0.1611,0.5931,0.4059,0.2203,0.7685,0.3792,2.367,0.4193,6.0961,0.2764,0,0,0,0,0,0,0,0,0,0,0,0,0,0,0,0,0,0,0,0,1085,160,4.7,0.7,20537
26,MICHIGAN,MI,Midland County,26111,"Midland County, Michigan",516.2621954,83389,0,36806,106,34017,406,8847,808,2450,414,34497,1035,3323,353,14640,102,18005,17,11275,588,2483,326.8,7001,65,169,104.8,2402,287.7,3270,263,376,124.4,2061,264,1353,207,10.8,1,6,1,34497,1035,5.7,0.6,17.6,0.1,21.6,0,13.6,0.7,7.3,1,8.4,0.1,0.2,0.1,6.5,0.8,8.9,0.7,1.1,0.4,6.1,0.8,1.6,0.2,0.2369,0.5854,0.0994,0.0579,0.9796,0.1987,0.4527,0.3862,0.3091,0.3435,1.4915,0.1624,0.2919,0.1477,0.4396,0.1987,0.7771,0.4206,0.1888,0.5626,0.3792,2.3283,0.3999,5.239,0.1618,0,0,0,0,0,0,0,0,0,0,0,0,0,0,0,0,0,0,0,0,3954,490,4.8,0.6,80791
26,MICHIGAN,MI,Missaukee County,26113,"Missaukee County, Michigan",564.7875515,15006,0,9217,84,6027,166,2309,254,420,83,22850,784,1164,122,2986,25,3473,0,2785,164,442,70.7,891,4,60,58.9,89,23.7,1568,129,192,57.3,222,44,184,130,15.6,1.7,6.3,1.2,22850,784,11.2,1.2,19.9,0.2,23.1,0,18.7,1.1,7.3,1.2,5.9,0,0.4,0.4,1,0.3,17,1.4,3.2,0.9,3.7,0.7,1.2,0.9,0.5538,0.6376,0.7446,0.433,2.369,0.6271,0.6788,0.6049,0.7574,0.3435,2.3846,0.7873,0.1802,0.297,0.4772,0.2209,0.1754,0.7046,0.7953,0.171,0.2184,2.0647,0.2802,7.2955,0.4755,0,0,0,0,0,0,0,0,0,0,0,0,0,0,0,0,0,0,0,0,1321,182,8.9,1.2,11607
26,MICHIGAN,MI,Monroe County,26115,"Monroe County, Michigan",549.3461445,149699,0,64005,170,59279,582,15747,1457,3624,420,30295,596,9209,641,25283,68,32824,0,20412,917,4733,423,12902,178,471,157.7,3266,368.2,4994,348,685,195.5,3344,338,1350,341,10.6,1,4.9,0.6,30295,596,8.8,0.6,16.9,0.1,21.9,0,13.7,0.6,8,0.7,8.6,0.1,0.3,0.1,5.1,0.6,7.8,0.5,1.2,0.3,5.6,0.6,0.9,0.2,0.2239,0.3981,0.2414,0.2499,1.1133,0.2389,0.3763,0.4323,0.32,0.4712,1.5998,0.2159,0.3002,0.227,0.5272,0.2455,0.7065,0.3703,0.2203,0.4846,0.1165,1.8982,0.2187,5.1385,0.1494,0,0,0,0,0,0,0,0,0,0,0,0,0,0,0,0,0,0,0,0,6931,696,4.7,0.5,116672
26,MICHIGAN,MI,Montcalm County,26117,"Montcalm County, Michigan",705.3282602,63209,0,28435,136,23761,403,9957,908,1443,217,23018,715,5300,379,10519,59,14308,65,10791,534,2339,279.4,5159,33,216,94.1,759,150.9,4263,248,429,113.9,1501,187,2677,210,16.5,1.5,5.1,0.7,23018,715,12.1,0.9,16.6,0.1,22.6,0.1,17.8,0.9,9.8,1.2,8.2,0.1,0.4,0.2,2.7,0.5,15,0.9,1.8,0.5,6.3,0.8,4.2,0.3,0.6194,0.4303,0.7312,0.4989,2.2798,0.5971,0.3451,0.5304,0.6896,0.7469,2.312,0.7367,0.2843,0.297,0.5813,0.2751,0.4677,0.6504,0.4457,0.5906,0.7689,2.9233,0.7233,8.0964,0.6127,0,0,0,0,0,0,0,0,0,0,0,0,0,0,0,0,0,0,0,0,4897,489,8.1,0.8,52610
26,MICHIGAN,MI,Muskegon County,26121,"Muskegon County, Michigan",503.8879584,173043,0,73962,217,65619,618,28384,1435,5912,608,24101,403,10771,665,27643,37,40566,0,26202,820,7311,477.9,40809,40,544,161.6,5094,402.5,4673,341,1187,215.7,5122,392,6860,547,17.1,0.9,7.4,0.8,24101,403,9.2,0.6,16,0.1,23.4,0,15.6,0.5,11.1,0.7,23.6,0,0.3,0.1,6.9,0.5,6.3,0.5,1.8,0.3,7.8,0.6,4,0.3,0.6583,0.779,0.651,0.2853,2.3736,0.6293,0.2891,0.6406,0.51,0.8682,2.3079,0.7348,0.617,0.227,0.844,0.418,0.7918,0.2983,0.4457,0.7685,0.7561,3.0604,0.788,8.5859,0.7035,0,0,0,0,0,0,0,0,0,0,0,0,0,0,0,0,0,0,0,0,8933,622,5.3,0.4,160530
26,MICHIGAN,MI,Newaygo County,26123,"Newaygo County, Michigan",838.8965274,48142,0,25361,120,19007,261,8425,663,1278,175,24005,791,4423,289,8861,37,10972,0,8911,438,1513,197.2,4529,22,353,145.3,386,71.3,5712,306,466,86.8,891,144,800,211,17.8,1.4,6.1,0.8,24005,791,13.2,0.9,18.4,0.1,22.8,0,18.7,0.9,8,1,9.4,0,0.8,0.3,1.5,0.3,22.5,1.2,2.5,0.5,4.7,0.8,1.7,0.4,0.6959,0.6032,0.6592,0.561,2.5193,0.6723,0.5352,0.5578,0.7574,0.4712,2.3216,0.7456,0.3266,0.5113,0.8379,0.4132,0.2798,0.8373,0.6622,0.32,0.4126,2.5119,0.4963,8.1907,0.6318,0,0,0,0,0,0,0,0,0,0,0,0,0,0,0,0,0,0,0,0,3064,345,6.4,0.7,38563
26,MICHIGAN,MI,Oceana County,26127,"Oceana County, Michigan",538.0930152,26417,0,16136,96,10157,227,4440,440,851,129,23018,697,2546,216,5291,34,6137,138,4533,317,929,137.8,4791,10,721,182.3,191,42.5,3009,228,443,82,551,97,703,209,17,1.7,7.4,1,23018,697,14.1,1.2,20,0.1,23.2,0.5,17.3,1.2,9.1,1.3,18.1,0,2.9,0.7,1.2,0.3,18.6,1.4,4.4,0.8,5.4,0.9,2.7,0.8,0.6494,0.779,0.7312,0.6078,2.7674,0.7436,0.6851,0.6176,0.6558,0.653,2.6115,0.8914,0.5342,0.8386,1.3728,0.7348,0.2216,0.7466,0.8962,0.4435,0.625,2.9329,0.7281,9.6846,0.858,0,0,0,0,0,0,0,0,0,0,0,0,0,0,0,0,0,0,0,0,2611,324,9.9,1.2,20517
26,MICHIGAN,MI,Osceola County,26133,"Osceola County, Michigan",566.2859003,23232,0,13720,102,9100,179,4488,363,668,93,22142,645,1914,159,4699,41,5290,11,4180,208,824,98.6,1229,18,75,73,272,57.8,2472,130,211,39.4,729,85,488,137,19.6,1.6,6.9,1,22142,645,11.8,1,20.2,0.2,22.8,0,18.2,0.9,9.1,1.1,5.3,0.1,0.3,0.3,2,0.4,18,1,2.3,0.4,8,0.9,2.1,0.6,0.7723,0.7232,0.7911,0.4756,2.7622,0.7411,0.7036,0.5578,0.7205,0.653,2.6349,0.9016,0.1429,0.227,0.3699,0.155,0.3725,0.7326,0.6049,0.7867,0.5244,3.0211,0.7724,8.7881,0.7401,0,0,0,0,0,0,0,0,0,0,0,0,0,0,0,0,0,0,0,0,2306,304,10.1,1.3,20106
26,MICHIGAN,MI,Otsego County,26137,"Otsego County, Michigan",515.0267957,24397,0,14861,71,9886,295,3603,542,649,114,26829,1214,1357,190,4925,47,5171,54,4351,381,881,174.2,1355,27,19,70.5,374,105.1,1317,216,231,93.1,577,153,443,88,15,2.3,5.6,0.9,26829,1214,7.9,1.1,20.2,0.2,21.2,0.2,18,1.6,8.9,1.7,5.6,0.1,0.1,0.3,2.5,0.7,8.9,1.5,2.3,0.9,5.8,1.5,1.8,0.4,0.5127,0.5172,0.4583,0.1907,1.6789,0.4083,0.7036,0.3419,0.7055,0.6234,2.3744,0.7816,0.1585,0.0707,0.2292,0.0837,0.4448,0.4206,0.6049,0.5142,0.4448,2.4293,0.4508,6.7118,0.3694,0,0,0,0,0,0,0,0,0,0,0,0,0,0,0,0,0,0,0,0,1656,303,6.8,1.3,24915
26,MICHIGAN,MI,Ottawa County,26139,"Ottawa County, Michigan",563.5167987,284034,0,107632,255,101223,637,23226,1741,5944,579,30558,521,12913,931,40123,143,69390,0,28713,1130,6733,590.4,45433,126,4863,740,8125,532.7,6931,436,1754,315.7,4473,454,9621,636,8.5,0.6,3.9,0.4,30558,521,7.4,0.5,14.1,0.1,24.4,0,10.2,0.4,6.7,0.6,16,0,1.8,0.3,7.5,0.5,6.4,0.4,1.7,0.3,4.4,0.4,3.4,0.2,0.1048,0.2334,0.2306,0.1522,0.721,0.1182,0.1541,0.774,0.0755,0.2537,1.2573,0.0805,0.4979,0.7326,1.2305,0.6469,0.8109,0.3028,0.4056,0.2697,0.7103,2.4993,0.4877,5.7081,0.2172,0,0,0,0,0,0,0,0,0,0,0,0,0,0,0,0,0,0,0,0,11938,1133,4.2,0.4,262048
26,MICHIGAN,MI,Saginaw County,26145,"Saginaw County, Michigan",800.4651324,192778,0,87377,224,78648,724,32975,1542,6705,575,26625,665,13876,695,35070,64,41707,0,31394,1125,8411,544.7,58799,48,1321,338.1,5531,421.6,3206,269,1040,223.3,7225,428,6417,430,17.7,0.8,7.5,0.6,26625,665,10.5,0.5,18.2,0.1,21.6,0,16.6,0.6,10.7,0.7,30.5,0,0.7,0.2,6.3,0.5,3.7,0.3,1.3,0.3,9.2,0.5,3.3,0.2,0.6914,0.7895,0.4713,0.3868,2.339,0.6178,0.5113,0.3862,0.5969,0.8383,2.3327,0.7536,0.6985,0.4642,1.1627,0.6065,0.7673,0.1601,0.2604,0.8685,0.7014,2.7577,0.6399,8.5921,0.7048,0,0,0,0,0,0,0,0,0,0,0,0,0,0,0,0,0,0,0,0,9964,863,5.3,0.5,195419
26,MICHIGAN,MI,St. Clair County,26147,"St. Clair County, Michigan",721.3116738,159566,0,72016,200,64805,543,21003,1237,5277,551,29356,598,10689,489,28275,36,34121,0,26802,902,5410,426.3,14068,125,488,149.1,3247,324.9,4469,355,652,154.7,4271,350,1747,302,13.3,0.8,6.7,0.7,29356,598,9.5,0.4,17.7,0.1,21.4,0,16.9,0.6,8.3,0.7,8.8,0.1,0.3,0.1,4.5,0.5,6.2,0.5,1,0.2,6.6,0.5,1.1,0.2,0.3962,0.6968,0.2882,0.3069,1.6881,0.4108,0.4616,0.3629,0.6256,0.5234,1.9735,0.4632,0.3044,0.227,0.5314,0.2483,0.6654,0.2939,0.155,0.6323,0.185,1.9316,0.2289,6.1246,0.279,0,0,0,0,0,0,0,0,0,0,0,0,0,0,0,0,0,0,0,0,8815,613,5.6,0.4,131878
26,MICHIGAN,MI,St. Joseph County,26149,"St. Joseph County, Michigan",500.5952855,60897,0,27872,112,24022,405,9347,762,1530,198,25136,718,5258,369,10317,58,15122,0,9266,516,2332,250.2,8132,15,849,201.8,1170,182.5,2134,212,568,140.3,1951,245,727,150,15.6,1.3,5.2,0.7,25136,718,12.9,0.9,16.9,0.1,24.8,0,15.4,0.9,9.7,1,13.4,0,1.5,0.4,4.2,0.7,7.7,0.8,2.4,0.6,8.1,1,1.2,0.2,0.5538,0.449,0.5787,0.5438,2.1253,0.5478,0.3763,0.8106,0.4906,0.7316,2.4091,0.8004,0.4333,0.6905,1.1238,0.5858,0.6399,0.3639,0.6313,0.7956,0.2184,2.6491,0.5756,8.3073,0.6516,0,0,0,0,0,0,0,0,0,0,0,0,0,0,0,0,0,0,0,0,4911,576,8.1,1,59270
26,MICHIGAN,MI,Sanilac County,26151,"Sanilac County, Michigan",962.5698448,41376,0,23014,91,17179,288,6382,471,1348,182,24835,767,3554,263,8463,19,9030,0,7287,319,1309,147.6,2449,13,224,92.7,540,76.1,2515,177,241,61.7,1049,123,622,155,15.6,1.2,7,1,24835,767,12.1,0.9,20.5,0.1,21.8,0,17.8,0.8,7.6,0.8,5.9,0,0.6,0.2,2.3,0.3,10.9,0.8,1.4,0.4,6.1,0.7,1.5,0.4,0.5538,0.7347,0.599,0.4989,2.3864,0.6331,0.7249,0.418,0.6896,0.3961,2.2286,0.6784,0.1802,0.4187,0.5989,0.2814,0.4171,0.4963,0.2964,0.5626,0.3457,2.1181,0.3002,7.332,0.4834,0,0,0,0,0,0,0,0,0,0,0,0,0,0,0,0,0,0,0,0,4142,455,10.1,1.1,32987
26,MICHIGAN,MI,Shiawassee County,26155,"Shiawassee County, Michigan",530.959114,68493,0,30242,115,27741,333,7687,712,1673,226,27398,598,3613,367,11891,65,14844,0,10463,528,2271,280.2,3979,18,60,78.5,1441,195.9,1637,203,235,91.2,1535,212,715,218,11.4,1.1,5,0.7,27398,598,7.6,0.8,17.4,0.1,21.7,0,15.4,0.8,8.2,1,5.8,0,0.1,0.1,4.8,0.6,5.4,0.7,0.8,0.3,5.5,0.8,1,0.3,0.2704,0.4166,0.414,0.1681,1.2691,0.2822,0.432,0.3999,0.4906,0.5053,1.8278,0.3531,0.1748,0.0707,0.2455,0.0926,0.6874,0.2518,0.0981,0.4677,0.1525,1.6575,0.1401,4.9999,0.1325,0,0,0,0,0,0,0,0,0,0,0,0,0,0,0,0,0,0,0,0,3856,405,5.7,0.6,51465
26,MICHIGAN,MI,Tuscola County,26157,"Tuscola County, Michigan",804.5074011,53250,0,24451,148,21759,304,8015,723,1570,190,24968,641,4045,272,10281,40,11157,0,9896,483,1458,172.5,3463,36,145,92.4,443,93.5,2355,243,454,110.2,1110,165,1241,323,15.4,1.4,6.4,0.8,24968,641,10.7,0.7,19.3,0.1,21,0,18.9,0.9,6.7,0.8,6.5,0.1,0.3,0.2,1.8,0.4,9.6,1,2.1,0.5,5.1,0.8,2.3,0.6,0.5401,0.6545,0.5908,0.3996,2.185,0.5688,0.6234,0.3216,0.7714,0.2537,1.9701,0.462,0.2114,0.227,0.4384,0.1971,0.3391,0.4467,0.5498,0.389,0.5619,2.2865,0.382,6.88,0.3959,0,0,0,0,0,0,0,0,0,0,0,0,0,0,0,0,0,0,0,0,3107,381,5.9,0.7,40425
26,MICHIGAN,MI,Van Buren County,26159,"Van Buren County, Michigan",607.7948606,75272,0,37122,252,29013,549,11499,897,2247,255,26771,836,6587,447,12833,22,17871,0,11227,578,2406,289.6,14060,39,1297,246.6,1417,218.7,4549,292,772,145.4,1647,208,1394,619,15.5,1.2,6.2,0.7,26771,836,12.8,0.9,17,0.1,23.7,0,15,0.8,8.3,1,18.7,0.1,1.8,0.3,3.8,0.6,12.3,0.8,2.7,0.5,5.7,0.7,1.9,0.8,0.5471,0.6207,0.4605,0.539,2.1673,0.5621,0.3897,0.6826,0.4543,0.5234,2.05,0.531,0.5466,0.7326,1.2792,0.6762,0.6017,0.561,0.7065,0.5002,0.4728,2.8422,0.6842,8.3387,0.6589,0,0,0,0,0,0,0,0,0,0,0,0,0,0,0,0,0,0,0,0,6247,576,8.4,0.8,64425
26,MICHIGAN,MI,Wexford County,26165,"Wexford County, Michigan",564.9246482,33111,0,16892,67,13053,264,5325,621,905,155,22760,937,2408,234,6006,35,7750,0,5239,313,1326,169.2,1776,9,66,75.1,536,122.2,2381,173,238,72.4,829,142,313,134,16.3,1.9,6.1,1,22760,937,10.5,1,18.1,0.1,23.4,0,15.9,0.9,10.2,1.3,5.4,0,0.2,0.2,3.2,0.7,14.1,1,1.8,0.6,6.4,1.1,0.9,0.4,0.6032,0.6032,0.7506,0.3868,2.3438,0.6191,0.5021,0.6406,0.547,0.7905,2.4802,0.8376,0.1506,0.1477,0.2983,0.1197,0.5333,0.6227,0.4457,0.6043,0.1165,2.3225,0.3945,7.4448,0.5035,0,0,0,0,0,0,0,0,0,0,0,0,0,0,0,0,0,0,0,0,2699,299,8.2,0.9,32818
26,MICHIGAN,MI,Alger County,26003,"Alger County, Michigan",915.0329561,9194,0,6671,80,3094,165,946,197,218,80,21773,1261,759,137,2233,19,1398,0,1421,144,144,47.5,1488,3,28,53.2,175,47.4,417,75,39,28.6,204,60,1036,196,11.6,2.4,6.5,2.3,21773,1261,10.8,1.9,24.3,0.2,15.2,0,17.3,1.8,4.7,1.5,16.2,0,0.3,0.6,2.6,0.7,6.3,1.1,1.3,0.9,6.6,1.8,11.3,2.1,0.2854,0.6697,0.8146,0.4088,2.1785,0.5666,0.8988,0.0178,0.6558,0.0665,1.6389,0.2353,0.5014,0.227,0.7284,0.3521,0.4575,0.2983,0.2604,0.6323,0.9459,2.5944,0.545,7.1402,0.4481,0,0,0,0,0,0,0,0,0,0,0,0,0,0,0,0,0,1,1,1,593,127,7.2,1.5,8796
26,MICHIGAN,MI,Antrim County,26009,"Antrim County, Michigan",475.6772926,23177,0,18035,79,9805,288,2748,354,553,112,30920,1669,1478,210,6041,43,4305,0,3632,246,566,100.6,1192,12,121,82.2,338,81.5,1397,170,139,49.9,375,84,256,105,12,1.5,5.3,1.1,30920,1669,8.5,1.2,26.1,0.2,18.6,0,15.8,1.1,5.8,1,5.1,0.1,0.5,0.4,1.9,0.5,7.7,0.9,1.4,0.5,3.8,0.8,1.1,0.5,0.3127,0.4691,0.2146,0.2305,1.2269,0.2726,0.9414,0.113,0.5365,0.1487,1.7396,0.2888,0.1324,0.3582,0.4906,0.2283,0.3582,0.3639,0.2964,0.1859,0.185,1.3894,0.0739,4.8465,0.1156,0,0,0,0,0,1,0,0,0,1,0,0,0,0,0,0,0,0,0,1,1637,213,7.1,0.9,19356
26,MICHIGAN,MI,Arenac County,26011,"Arenac County, Michigan",363.1768293,15165,0,9831,63,6684,161,2714,235,607,98,23374,819,1429,133,3578,20,2757,7,3158,172,490,73,788,5,43,52.6,164,40.5,1372,111,91,33.2,384,61,210,93,18.2,1.6,9.6,1.5,23374,819,12.6,1.2,23.6,0.1,18.2,0,21,1.1,7.3,1.1,5.2,0,0.3,0.4,1.7,0.4,14,1.1,1.4,0.5,5.7,0.9,1.4,0.6,0.7131,0.9252,0.7083,0.5269,2.8735,0.7717,0.8819,0.093,0.8634,0.3435,2.1818,0.6396,0.1366,0.227,0.3636,0.1503,0.32,0.6192,0.2964,0.5002,0.3018,2.0376,0.2709,7.4565,0.5054,0,1,0,0,1,0,0,0,0,0,0,0,0,0,0,0,0,0,0,1,1033,119,6.9,0.8,14221
26,MICHIGAN,MI,Baraga County,26013,"Baraga County, Michigan",898.4261079,8507,0,5292,138,3036,169,1165,162,189,53,20698,1819,697,116,1770,18,1551,30,1248,129,263,58.1,2309,9,8,55.3,95,29,407,64,79,38.6,191,50,1319,320,16.4,2.1,6.4,1.7,20698,1819,11.2,1.9,20.8,0.2,18.2,0.4,17.3,1.9,8.7,1.9,27.1,0.1,0.1,0.7,1.8,0.5,7.7,1.2,2.6,1.3,6.3,1.5,15.5,3.8,0.6111,0.6545,0.8755,0.433,2.5741,0.686,0.7456,0.093,0.6558,0.5938,2.0882,0.5638,0.6571,0.0707,0.7278,0.3512,0.3391,0.3639,0.6864,0.5906,0.9729,2.9529,0.7396,8.343,0.6599,0,0,0,0,0,0,0,0,0,0,0,0,0,0,0,0,0,1,1,1,379,89,5.2,1.2,8375
26,MICHIGAN,MI,Benzie County,26019,"Benzie County, Michigan",319.6980305,17552,0,12476,45,6733,231,1643,281,461,121,27866,1116,856,140,4378,26,3268,45,2796,187,416,100.2,1086,3,46,64.8,170,40.8,669,94,90,38.6,245,54,329,97,9.5,1.6,5.6,1.5,27866,1116,6.5,1.1,24.9,0.1,18.6,0.3,16.1,1.1,6.2,1.5,6.2,0,0.3,0.4,1.4,0.3,5.4,0.8,1.3,0.6,3.6,0.8,1.9,0.6,0.1551,0.5172,0.3825,0.0942,1.149,0.2497,0.9166,0.113,0.561,0.1936,1.7842,0.3184,0.1964,0.227,0.4234,0.1897,0.2579,0.2518,0.2604,0.1573,0.4728,1.4002,0.0767,4.7568,0.1051,0,0,0,0,0,1,0,0,0,1,0,0,0,0,0,0,0,0,0,1,1108,238,6.4,1.4,13318
26,MICHIGAN,MI,Calhoun County,26025,"Calhoun County, Michigan",706.2570672,134473,0,60879,180,53659,594,22073,1313,4422,410,25652,564,8123,508,22793,126,31147,0,21026,646,5888,451.8,29751,40,1335,259.2,6889,519.5,3686,304,641,166.8,4642,372,4054,362,16.9,1,7,0.6,25652,564,8.9,0.6,16.9,0.1,23.2,0,15.8,0.5,11,0.8,22.1,0,1.1,0.2,11.3,0.9,6.1,0.5,1.2,0.3,8.7,0.7,3,0.3,0.6443,0.7347,0.5436,0.2607,2.1833,0.5682,0.3763,0.6176,0.5365,0.8628,2.3932,0.7918,0.5922,0.6087,1.2009,0.6262,0.9029,0.2897,0.2203,0.8392,0.6686,2.9207,0.7214,8.6981,0.7242,0,0,0,0,0,0,0,0,0,0,0,0,0,1,0,0,0,0,1,1,7812,657,5.9,0.5,131192
26,MICHIGAN,MI,Cheboygan County,26031,"Cheboygan County, Michigan",715.2738798,25458,0,18459,77,11201,239,3730,391,936,131,25876,826,1821,197,6636,31,4341,21,4896,330,724,117.2,1988,19,55,66.3,326,86.8,1525,149,139,57.7,572,110,318,99,14.8,1.6,8.2,1.1,25876,826,9.4,1,26.1,0.1,17.1,0.1,19.5,1.3,6.5,1,7.8,0.1,0.2,0.3,1.8,0.5,8.3,0.8,1.2,0.5,5.1,1,1.2,0.4,0.5006,0.8468,0.5287,0.2964,2.1725,0.5646,0.9414,0.056,0.802,0.2305,2.0299,0.5075,0.2668,0.1477,0.4145,0.1843,0.3391,0.3964,0.2203,0.389,0.2184,1.5632,0.1143,6.1801,0.286,0,0,0,0,0,1,0,0,0,1,0,0,0,0,0,0,0,0,0,1,1988,258,7.9,1,21657
26,MICHIGAN,MI,Crawford County,26039,"Crawford County, Michigan",556.4021574,13836,0,11207,43,6047,222,2098,302,469,95,24884,1232,1142,151,3403,34,2497,35,2864,213,432,93.4,727,16,27,59.1,139,37.4,1187,174,86,32.2,344,74,211,65,15.4,2.2,8.2,1.6,24884,1232,11,1.5,24.6,0.2,18,0.3,21,1.6,7.1,1.5,5.3,0.1,0.2,0.4,1.2,0.3,10.6,1.6,1.4,0.5,5.7,1.2,1.5,0.5,0.5401,0.8468,0.5949,0.4231,2.4049,0.6389,0.9089,0.0847,0.8634,0.3123,2.1693,0.631,0.1429,0.1477,0.2906,0.1159,0.2216,0.4858,0.2964,0.5002,0.3457,1.8497,0.2022,6.7145,0.3697,0,0,0,0,0,1,0,0,0,1,0,0,0,0,0,0,0,0,0,1,741,148,5.4,1.1,12904
26,MICHIGAN,MI,Eaton County,26045,"Eaton County, Michigan",575.2018414,109155,0,47431,130,44390,379,11495,1035,2947,383,31982,809,4658,394,19038,92,23206,0,17399,747,3809,328,18477,98,1177,292.2,5414,440.3,2405,241,789,188.9,2255,284,1728,264,10.7,1,5.3,0.7,31982,809,6.1,0.5,17.4,0.1,21.3,0,16,0.7,8.6,0.7,16.9,0.1,1.1,0.3,11.4,0.9,5.1,0.5,1.8,0.4,5.1,0.6,1.6,0.2,0.2312,0.4691,0.1739,0.0755,0.9497,0.1924,0.432,0.3505,0.5517,0.5775,1.9117,0.4164,0.5142,0.6087,1.1229,0.5855,0.9058,0.2346,0.4457,0.389,0.3792,2.3543,0.4126,6.3386,0.3131,0,0,0,0,0,0,0,0,0,0,0,0,0,1,0,0,0,0,1,1,5836,643,5.4,0.6,96547
26,MICHIGAN,MI,Gladwin County,26051,"Gladwin County, Michigan",501.7860546,25289,0,17867,63,10999,249,4547,358,658,92,24594,801,2490,202,6544,34,4885,50,5326,238,712,110.6,1014,24,97,80,387,73.6,2632,210,225,67.4,858,111,244,87,18.2,1.4,7,1,24594,801,13.3,1.1,25.9,0.1,19.3,0.2,21.2,0.9,6.5,1,4,0.1,0.4,0.3,2.2,0.4,14.7,1.2,2,0.6,7.8,1,1,0.3,0.7131,0.7347,0.614,0.5661,2.6279,0.7057,0.9379,0.1598,0.872,0.2305,2.2002,0.6565,0.0656,0.297,0.3626,0.15,0.4037,0.6396,0.518,0.7685,0.1525,2.4823,0.4788,7.673,0.5398,0,0,0,0,0,1,0,0,0,1,0,0,0,0,0,0,0,0,0,1,2140,263,8.5,1,19294
26,MICHIGAN,MI,Gratiot County,26057,"Gratiot County, Michigan",568.3803434,41067,0,16320,156,15177,241,6449,654,1160,190,22027,894,2645,246,6853,57,8285,0,5566,320,1674,201.7,5637,25,144,88.8,783,175.5,1517,144,146,57.5,1001,163,5754,357,18.3,1.8,6.7,1.1,22027,894,9.4,0.9,16.7,0.1,20.2,0,15.1,0.9,11,1.3,13.7,0.1,0.4,0.2,4.8,1.1,9.3,0.9,1,0.4,6.6,1.1,14,0.9,0.7178,0.6968,0.799,0.2964,2.51,0.6682,0.3566,0.2353,0.4629,0.8628,1.9176,0.4206,0.4422,0.297,0.7392,0.3569,0.6874,0.4355,0.155,0.6323,0.9659,2.8761,0.7001,8.0429,0.6035,0,0,0,0,0,0,0,0,0,0,0,0,0,0,0,0,0,1,1,1,2134,328,5.8,0.9,37026
26,MICHIGAN,MI,Ingham County,26065,"Ingham County, Michigan",556.127552,289564,0,123193,251,112200,851,54559,2214,10802,897,28366,456,12738,709,36861,22,58234,51,37852,1283,10009,665,87077,102,4618,588.7,20922,877.4,2961,253,1992,299.4,9969,536,18747,598,20.1,0.8,7.1,0.6,28366,456,7.3,0.4,12.7,0.1,20.1,0,13.2,0.4,8.9,0.6,30.1,0,1.7,0.2,17,0.7,2.4,0.2,1.8,0.3,8.9,0.5,6.5,0.2,0.792,0.7481,0.3525,0.1442,2.0368,0.5236,0.0914,0.2254,0.2725,0.6234,1.2127,0.0716,0.694,0.717,1.411,0.7571,0.9624,0.0926,0.4457,0.8529,0.8625,3.2161,0.8574,7.8766,0.5742,0,0,0,0,0,0,0,0,0,0,0,0,0,1,0,0,0,0,1,1,17063,1024,5.9,0.4,290893
26,MICHIGAN,MI,Iron County,26071,"Iron County, Michigan",1165.996874,11212,0,9318,63,5327,183,1527,235,283,60,24876,1124,698,106,3303,21,1817,45,1876,153,338,77.9,598,16,15,54,333,70.2,423,86,37,18,375,81,373,113,14,2.2,6,1.3,24876,1124,8,1.2,29.5,0.2,16.2,0.4,17.2,1.4,6.3,1.4,5.3,0.1,0.1,0.5,3.6,0.8,4.5,0.9,0.7,0.3,7,1.5,3.3,1,0.443,0.5854,0.5962,0.1971,1.8217,0.4538,0.9822,0.0309,0.6488,0.2069,1.8688,0.3843,0.1429,0.0707,0.2136,0.0793,0.5788,0.205,0.078,0.6829,0.7014,2.2461,0.3594,6.1502,0.2825,0,0,0,0,0,1,0,0,0,1,0,0,0,0,0,0,0,0,0,1,776,157,7.1,1.5,10108
26,MICHIGAN,MI,Kalamazoo County,26077,"Kalamazoo County, Michigan",562.0872611,261573,0,111646,372,102809,875,40825,1967,8364,663,30555,638,10469,778,37117,5,57164,42,33774,1439,9071,612.5,58376,211,1941,362.6,18359,961.7,3696,333,1434,272.1,8098,634,8493,809,16.1,0.8,6,0.5,30555,638,6.4,0.5,14.2,0.1,21.9,0,13,0.6,8.8,0.6,22.3,0.1,0.8,0.1,16.4,0.9,3.3,0.3,1.4,0.3,7.9,0.6,3.2,0.3,0.5889,0.5854,0.2309,0.0898,1.495,0.3481,0.1614,0.4323,0.2576,0.6065,1.4578,0.1496,0.596,0.5113,1.1073,0.5737,0.9586,0.1391,0.2964,0.7794,0.6915,2.865,0.6947,6.9251,0.407,0,0,0,0,0,0,0,0,0,0,0,0,0,1,0,0,0,0,1,1,14703,1026,5.7,0.4,260248
26,MICHIGAN,MI,Kent County,26081,"Kent County, Michigan",848.0487429,643140,0,253003,401,239236,1027,79362,3099,16720,937,31005,416,41102,1433,82873,76,158583,24,74100,2041,22786,1047.6,167174,272,17404,1219.8,31806,1065,9679,526,5285,534.7,16940,1010,11191,713,12.6,0.5,4.8,0.3,31005,416,9.7,0.3,12.9,0.1,24.7,0,11.6,0.3,9.5,0.4,26,0,2.9,0.2,12.6,0.4,3.8,0.2,2.2,0.2,7.1,0.4,1.7,0.1,0.3497,0.3838,0.2108,0.3209,1.2652,0.2812,0.099,0.8017,0.1585,0.7112,1.7704,0.311,0.6457,0.8386,1.4843,0.7988,0.9233,0.1643,0.5801,0.7001,0.4126,2.7804,0.6501,7.3003,0.4761,0,0,0,0,0,0,0,0,0,0,0,0,0,1,0,0,0,0,1,1,41819,2094,6.5,0.3,691163
26,MICHIGAN,MI,Keweenaw County,26083,"Keweenaw County, Michigan",540.1116233,2130,0,2490,15,1081,59,255,67,54,24,31830,3793,66,29,712,16,339,18,339,53,93,38.5,60,10,2,38.8,16,17.2,105,31,26,18.9,37,20,15,9,12,3.2,6,2.8,31830,3793,3.9,1.8,33.4,0.8,15.9,0.8,16,2.5,8.6,3.5,2.8,0.5,0.1,1.9,0.6,0.7,4.2,1.2,2.4,1.7,3.4,1.8,0.7,0.4,0.3127,0.5854,0.1793,0.0115,1.0889,0.2296,0.9936,0.0274,0.5517,0.5775,2.1502,0.6154,0.0204,0.0707,0.0911,0.0248,0.1035,0.1866,0.6313,0.1328,0.0729,1.1271,0.0347,4.4573,0.0787,0,0,0,0,0,1,0,0,0,1,0,0,0,0,0,0,0,0,0,1,179,51,8.4,2.4,3073
26,MICHIGAN,MI,Leelanau County,26089,"Leelanau County, Michigan",347.1996532,21639,0,15529,91,9152,249,1339,176,549,112,38074,1720,797,139,6261,26,3592,24,2687,235,423,95.1,2156,12,151,82.3,129,68.9,493,92,96,37.3,305,80,403,81,6.2,0.8,5.3,1.1,38074,1720,4.8,0.8,28.9,0.1,16.6,0.1,12.5,1.1,4.6,1,10,0.1,0.7,0.4,0.8,0.4,3.2,0.6,1,0.4,3.3,0.9,1.9,0.4,0.0334,0.4691,0.0567,0.0302,0.5894,0.0815,0.9758,0.0417,0.2162,0.0611,1.2948,0.0933,0.3461,0.4642,0.8103,0.3983,0.1369,0.1324,0.155,0.121,0.4728,1.0181,0.0242,3.7126,0.0245,0,0,0,0,0,1,0,0,0,1,0,0,0,0,0,0,0,0,0,1,1181,264,5.5,1.2,17865
26,MICHIGAN,MI,Manistee County,26101,"Manistee County, Michigan",542.3252252,24444,0,15812,119,9591,258,2973,311,728,116,25778,777,1715,144,5969,56,4310,9,4236,248,515,109,2643,10,78,67.5,333,77.5,1389,147,97,33.8,691,133,1447,264,12.9,1.3,7.2,1.1,25778,777,9.4,0.8,24.4,0.2,17.6,0,18.3,1.1,5.4,1.1,10.8,0,0.3,0.3,2.1,0.5,8.8,0.9,1,0.4,7.2,1.3,5.9,1.1,0.3736,0.7583,0.5376,0.2964,1.9659,0.499,0.9035,0.0707,0.7281,0.1162,1.8185,0.3448,0.3664,0.227,0.5934,0.2795,0.39,0.4158,0.155,0.7112,0.8456,2.5176,0.5011,6.8954,0.3997,0,0,0,0,0,1,0,0,0,1,0,0,0,0,0,0,0,0,0,1,1574,233,6.8,1,22163
26,MICHIGAN,MI,Oakland County,26125,"Oakland County, Michigan",867.4038369,1250843,0,537448,387,501260,1812,106773,3453,32235,1301,42760,329,53868,1843,198882,46,269153,58,145072,2625,31602,1132.8,346126,386,22100,1264.7,60052,1418.7,14928,685,5626,531.7,27295,1130,12124,712,8.6,0.3,4.8,0.2,42760,329,6.1,0.2,15.9,0.1,21.5,0,11.7,0.2,6.3,0.2,27.7,0,1.9,0.1,11.2,0.3,2.8,0.1,1.1,0.1,5.4,0.2,1,0.1,0.1115,0.3838,0.0258,0.0755,0.5966,0.0834,0.2811,0.3747,0.164,0.2069,1.0267,0.0455,0.6651,0.7491,1.4142,0.7593,0.9,0.1105,0.1888,0.4435,0.1525,1.7953,0.184,4.8328,0.114,0,0,0,0,0,0,0,0,0,0,0,0,0,1,0,0,0,0,1,1,61391,2253,4.9,0.2,1312195
26,MICHIGAN,MI,Ontonagon County,26131,"Ontonagon County, Michigan",1310.976978,5968,0,5679,53,2876,110,901,154,160,42,23850,1182,364,72,2046,18,751,13,1113,123,96,36.4,298,6,18,56.4,67,30.5,411,57,36,18.4,196,40,90,76,15.3,2.6,7.2,1.9,23850,1182,7.4,1.5,34.3,0.3,12.6,0.2,18.8,2,3.3,1.3,5,0.1,0.3,1,1.2,0.5,7.2,1,1.3,0.6,6.8,1.3,1.5,1.3,0.536,0.7583,0.6745,0.1522,2.121,0.5462,0.9952,0.0035,0.7638,0.0232,1.7857,0.3196,0.1254,0.227,0.3524,0.1455,0.2216,0.3432,0.2604,0.6565,0.3457,1.8274,0.1952,6.0865,0.2732,0,0,0,0,0,1,0,0,0,1,0,0,0,0,0,0,0,0,0,1,521,123,8.8,2.1,4734
26,MICHIGAN,MI,Presque Isle County,26141,"Presque Isle County, Michigan",658.717038,12797,0,10463,62,5808,156,1847,191,455,88,26503,1168,1085,104,3831,28,2065,34,2503,180,268,60,552,19,85,65.9,121,52.6,642,71,78,28.3,225,51,218,106,14.6,1.5,8.9,1.7,26503,1168,10.9,1.1,29.9,0.2,16.1,0.3,19.8,1.4,4.6,1,4.3,0.1,0.7,0.5,1.2,0.5,6.1,0.7,1.3,0.5,3.9,0.8,1.7,0.8,0.486,0.8895,0.4841,0.4164,2.276,0.5955,0.9854,0.0296,0.8169,0.0611,1.893,0.4011,0.0809,0.4642,0.5451,0.2579,0.2216,0.2897,0.2604,0.1971,0.4126,1.3814,0.072,6.0955,0.2761,0,0,0,0,0,1,0,0,0,1,0,0,0,0,0,0,0,0,0,1,1006,165,7.9,1.3,10655
26,MICHIGAN,MI,Washtenaw County,26161,"Washtenaw County, Michigan",705.9723594,365961,0,150400,401,140210,1023,49170,2085,9320,681,39486,566,10800,688,47278,41,69558,23,32757,1155,8331,512.7,108759,278,5339,570.2,24425,785,5442,337,2001,306.5,11799,591,20161,850,14.2,0.6,4.7,0.3,39486,566,4.8,0.3,12.9,0.1,19,0,9.1,0.3,5.9,0.4,29.7,0.1,1.5,0.2,16.2,0.5,3.6,0.2,1.4,0.2,8.4,0.4,5.5,0.2,0.4583,0.3634,0.0446,0.0302,0.8965,0.1694,0.099,0.1344,0.036,0.1573,0.4267,0.0054,0.6899,0.6905,1.3804,0.7402,0.9564,0.155,0.2964,0.8201,0.8309,3.0588,0.7873,5.7624,0.2236,0,0,0,0,0,0,0,0,0,0,0,0,0,1,0,0,0,0,1,1,13963,1094,3.9,0.3,371184
26,MICHIGAN,MI,Alcona County,26001,"Alcona County, Michigan",674.6550448,10364,0,11177,105,5008,167,1631,167,331,64,25219,973,973,97,3681,19,1345,25,2390,146,201,45,440,24,20,57.6,84,30.4,1301,123,52,21.6,200,37,134,42,16,1.6,8.9,1.6,25219,973,11.4,1.1,35.5,0.2,13,0.2,23.3,1.4,4,0.9,4.2,0.2,0.2,0.6,0.8,0.3,11.6,1.1,1,0.4,4,0.7,1.3,0.4,0.5831,0.8895,0.5742,0.4473,2.4941,0.6624,0.9965,0.0057,0.9354,0.0366,1.9742,0.4639,0.0745,0.1477,0.2222,0.0812,0.1369,0.5285,0.155,0.2114,0.2582,1.29,0.0551,5.9805,0.2557,0,0,0,0,0,1,0,1,0,2,0,0,0,0,0,0,0,0,0,2,595,87,5.8,0.8,8256
26,MICHIGAN,MI,Chippewa County,26033,"Chippewa County, Michigan",1558.506742,37834,0,21425,220,14046,315,6267,635,1550,267,23310,1117,2649,270,6445,66,7044,0,6319,423,1302,159.5,11416,22,168,120.5,1160,188.7,2018,176,102,38.3,1232,194,3919,524,18.5,1.8,9.3,1.5,23310,1117,10.2,1,17,0.2,18.6,0,18.3,1.2,9.3,1.1,30.2,0.1,0.5,0.3,5.4,0.9,9.4,0.8,0.7,0.3,8.8,1.4,10.4,1.4,0.7271,0.9121,0.7131,0.3626,2.7149,0.7287,0.3897,0.113,0.7281,0.6832,1.914,0.4171,0.6956,0.3582,1.0538,0.5435,0.723,0.439,0.078,0.8453,0.936,3.0213,0.7727,8.704,0.7245,0,1,0,0,1,0,0,0,0,0,0,0,0,0,0,0,0,1,1,2,2548,357,7.4,1,35864
26,MICHIGAN,MI,Clare County,26035,"Clare County, Michigan",564.3653822,30616,0,23313,81,12406,248,7078,599,1230,174,21717,1066,3417,257,7041,57,6065,21,7013,390,885,142.2,1549,10,168,86.1,425,100.4,3731,259,308,73.9,1005,133,460,157,23.5,2,10.1,1.4,21717,1066,15.3,1.1,23,0.2,19.8,0.1,23.2,1.3,7.1,1.1,5.1,0,0.6,0.3,1.8,0.4,16,1.1,2.5,0.6,8.1,1,1.5,0.5,0.886,0.9389,0.8175,0.6714,3.3138,0.8869,0.8621,0.1996,0.9331,0.3123,2.3071,0.7345,0.1324,0.4187,0.5511,0.2614,0.3391,0.6778,0.6622,0.7956,0.3457,2.8204,0.674,8.9924,0.772,0,1,0,0,1,0,0,1,0,1,0,0,0,0,0,0,0,0,0,2,3446,337,11.4,1.1,27614
26,MICHIGAN,MI,Genesee County,26049,"Genesee County, Michigan",636.9631687,409361,0,192073,281,167889,1193,80183,2611,18467,834,26386,391,26624,1190,67774,0,94100,0,67799,1598,19654,890.9,112594,206,1612,311.4,16698,781.4,9692,501,2246,299,14812,725,5337,473,19.8,0.7,9.8,0.4,26386,391,9.6,0.4,16.6,0,23,0,16.7,0.4,11.7,0.5,27.5,0.1,0.4,0.1,8.7,0.4,5,0.3,1.3,0.2,8.8,0.4,1.3,0.1,0.7815,0.9309,0.4904,0.3114,2.5142,0.6707,0.3451,0.5915,0.6074,0.9019,2.4459,0.8204,0.6616,0.297,0.9586,0.4897,0.8494,0.2308,0.2604,0.8453,0.2582,2.4441,0.4585,8.3628,0.6624,0,1,0,0,1,0,0,0,1,1,0,0,0,0,0,0,0,0,0,2,22905,1328,5.6,0.3,357500
26,MICHIGAN,MI,Iosco County,26069,"Iosco County, Michigan",549.1048925,25247,0,20503,75,11631,285,4064,407,821,125,25075,985,2167,183,7242,43,4203,57,5639,297,819,129.3,1507,5,47,65.4,596,126.9,1180,177,195,78,734,121,372,125,16.4,1.6,8.2,1.2,25075,985,11.1,0.9,28.7,0.2,16.6,0.2,22.6,1.2,7,1.1,6,0,0.2,0.3,2.9,0.6,5.8,0.9,1.7,0.7,6.3,1,1.5,0.5,0.6111,0.8468,0.585,0.4276,2.4705,0.6573,0.9742,0.0417,0.9195,0.2961,2.2315,0.6797,0.1853,0.1477,0.333,0.135,0.4947,0.2722,0.4056,0.5906,0.3457,2.1088,0.2977,7.1438,0.4494,0,0,0,0,0,1,0,1,0,2,0,0,0,0,0,0,0,0,0,2,1796,249,7.2,1,22479
26,MICHIGAN,MI,Luce County,26095,"Luce County, Michigan",899.0746319,6364,0,4370,82,2190,150,881,233,128,47,20745,1466,575,124,1322,26,1058,0,1176,131,103,35.3,1397,18,19,51.1,87,33.6,375,86,14,9.2,159,49,1072,191,16.6,4.3,5.7,2,20745,1466,12,2.6,20.8,0.4,16.6,0,22,2.3,4.7,1.6,22,0.3,0.3,0.8,2,0.8,8.6,2,0.6,0.4,7.3,2.1,16.8,3,0.6258,0.5344,0.8729,0.4925,2.5256,0.6748,0.7456,0.0417,0.9013,0.0665,1.7551,0.3002,0.5915,0.227,0.8185,0.4037,0.3725,0.4059,0.0567,0.7224,0.9764,2.5339,0.5075,7.6331,0.5338,0,0,0,0,0,0,0,1,0,1,0,0,0,0,0,0,0,1,1,2,309,75,5.8,1.4,5748
26,MICHIGAN,MI,Ogemaw County,26129,"Ogemaw County, Michigan",563.5029859,20928,0,16165,64,9296,230,3455,418,675,113,22527,660,2270,218,5208,49,3879,30,4809,246,709,111.8,1098,27,37,66.5,355,77.5,1835,212,254,73.4,602,114,333,113,16.9,2,8,1.3,22527,660,14.5,1.4,24.9,0.2,18.5,0.1,23.3,1.2,7.6,1.2,5.2,0.1,0.2,0.3,2.2,0.5,11.4,1.3,2.7,0.8,6.5,1.2,1.6,0.5,0.6443,0.8341,0.7662,0.6316,2.8762,0.7729,0.9166,0.107,0.9354,0.3961,2.3551,0.7679,0.1366,0.1477,0.2843,0.1111,0.4037,0.5189,0.7065,0.6199,0.3792,2.6282,0.5632,8.1438,0.6258,0,0,0,0,0,1,0,1,0,2,0,0,0,0,0,0,0,0,0,2,1627,351,7.9,1.7,19404
26,MICHIGAN,MI,Schoolcraft County,26153,"Schoolcraft County, Michigan",1171.875813,8069,0,6379,35,3351,131,1624,258,322,87,22931,1190,602,165,2074,28,1436,22,1730,160,265,71.4,1144,14,2,54.4,134,49.2,501,79,24,14.2,267,62,146,70,20.5,3.2,10.3,2.6,22931,1190,9.9,2.7,25.7,0.4,17.8,0.3,21.7,2,7.9,2.1,14.2,0.2,0,0.7,2.1,0.8,7.9,1.2,0.7,0.4,8,1.8,1.8,0.9,0.8057,0.9436,0.7376,0.3384,2.8253,0.7573,0.9351,0.0764,0.893,0.4518,2.3563,0.7685,0.453,0,0.453,0.2076,0.39,0.376,0.078,0.7867,0.4448,2.0755,0.2833,7.7101,0.5452,0,1,0,0,1,1,0,0,0,1,0,0,0,0,0,0,0,0,0,2,536,142,6.7,1.8,7504
26,MICHIGAN,MI,Gogebic County,26053,"Gogebic County, Michigan",1102.135103,15414,0,10805,124,6619,233,2525,372,358,96,24325,1768,787,128,3788,48,2383,43,2140,210,476,94.8,1600,15,30,60.2,479,87.3,396,83,41,24.2,674,137,1479,237,18.1,2.7,5.6,1.5,24325,1768,6.7,1.1,24.6,0.3,15.5,0.3,15.2,1.4,7.2,1.4,10.4,0.1,0.2,0.4,4.4,0.8,3.7,0.8,0.6,0.4,10.2,2,9.6,1.5,0.7083,0.5172,0.635,0.1051,1.9656,0.4987,0.9089,0.021,0.4715,0.3247,1.7261,0.2811,0.3553,0.1477,0.503,0.2334,0.6571,0.1601,0.0567,0.914,0.9277,2.7156,0.6186,6.9103,0.4038,0,0,0,0,0,1,0,0,0,1,0,0,0,0,0,0,1,1,2,3,1183,216,8.4,1.5,14981
26,MICHIGAN,MI,Isabella County,26073,"Isabella County, Michigan",572.6983858,70775,0,29084,136,24889,374,17034,809,2785,364,23164,646,3205,300,8289,51,12316,0,9392,459,2256,219.1,10305,73,505,199.4,4082,410.1,2935,232,431,104.2,1635,215,6622,325,26.5,1.2,7.6,1,23164,646,8.4,0.8,11.7,0.1,17.4,0,13.4,0.7,9.1,0.9,14.6,0.1,0.7,0.3,14,1.4,10.1,0.8,1.7,0.4,6.6,0.9,9.4,0.5,0.9401,0.7971,0.7223,0.2232,2.6827,0.7188,0.0538,0.0646,0.2923,0.653,1.0637,0.0525,0.4626,0.4642,0.9268,0.4712,0.9363,0.467,0.4056,0.6323,0.9233,3.3645,0.9086,8.0377,0.6016,1,0,0,0,1,0,0,0,0,0,0,0,0,1,0,0,0,1,2,3,6153,548,8.8,0.8,70662
26,MICHIGAN,MI,Mackinac County,26097,"Mackinac County, Michigan",1021.864253,10817,0,11144,67,5284,180,1704,230,499,87,28941,1408,810,105,2877,28,1755,7,1905,191,377,80.1,2875,9,66,54.9,656,101.2,651,87,95,38.4,790,122,290,124,15.9,2.2,9.8,1.7,28941,1408,9.8,1.3,26.6,0.3,16.2,0.1,17.8,1.8,7.1,1.5,26.6,0.1,0.6,0.5,5.9,0.9,5.8,0.8,1.8,0.7,15,2.1,2.7,1.1,0.5739,0.9309,0.3089,0.3308,2.1445,0.5554,0.9497,0.0309,0.6896,0.3123,1.9825,0.4706,0.6507,0.4187,1.0694,0.5508,0.7507,0.2722,0.4457,0.9828,0.625,3.0764,0.7953,8.2728,0.6452,0,1,0,0,1,1,0,0,0,1,0,0,0,0,0,0,1,0,1,3,1139,219,10.6,2,10505
26,MICHIGAN,MI,Montmorency County,26119,"Montmorency County, Michigan",546.6744986,9261,0,9594,53,4195,161,1511,238,379,90,23930,1402,972,165,2842,20,1391,0,2219,176,214,55.8,366,4,12,53.5,65,32,1161,136,61,31.3,188,58,167,86,16.6,2.6,11.6,2.6,23930,1402,13.2,2.2,30.7,0.2,15,0,24.2,1.9,5.1,1.3,4,0,0.1,0.6,0.7,0.3,12.1,1.4,1.5,0.7,4.5,1.4,1.8,0.9,0.6258,0.965,0.6669,0.561,2.8187,0.7554,0.9879,0.0146,0.9548,0.0939,2.0512,0.5326,0.0656,0.0707,0.1363,0.0401,0.1188,0.5508,0.3359,0.2846,0.4448,1.7349,0.1671,6.7411,0.3729,0,1,0,0,1,1,0,1,0,2,0,0,0,0,0,0,0,0,0,3,731,144,8,1.6,8422
26,MICHIGAN,MI,Oscoda County,26135,"Oscoda County, Michigan",565.6734313,8277,0,9173,43,3824,171,1422,213,391,101,23526,1850,1030,135,2222,23,1569,23,1921,156,296,70.1,358,14,33,50.4,117,43.2,1711,168,94,38.1,285,69,74,68,17.3,2.6,12.1,3,23526,1850,16.7,2.2,26.8,0.3,19,0.3,23.3,1.9,7.7,1.8,4.3,0.2,0.4,0.6,1.3,0.5,18.7,1.8,2.5,1,7.5,1.8,0.9,0.8,0.6707,0.971,0.6981,0.7313,3.0711,0.8239,0.9535,0.1344,0.9354,0.4126,2.4359,0.8157,0.0809,0.297,0.3779,0.1611,0.2416,0.7485,0.6622,0.7447,0.1165,2.5135,0.4976,8.3984,0.6694,0,1,0,0,1,1,0,1,0,2,0,0,0,0,0,0,0,0,0,3,1088,181,13.2,2.2,6767
26,MICHIGAN,MI,Roscommon County,26143,"Roscommon County, Michigan",519.896489,23877,0,24524,63,10899,314,4271,447,970,176,23862,1232,1908,209,7438,40,3653,31,6214,405,762,135.4,1171,18,67,74.5,407,94.9,1944,199,149,57.3,775,114,260,107,18.2,1.9,11.3,2,23862,1232,10.1,1.1,31.2,0.2,15.3,0.1,26.3,1.7,7,1.2,4.9,0.1,0.3,0.3,1.7,0.4,7.9,0.8,1.4,0.5,7.1,1,1.1,0.4,0.7131,0.9618,0.6723,0.3559,2.7031,0.7239,0.9895,0.0191,0.9822,0.2961,2.2869,0.7221,0.1162,0.227,0.3432,0.1414,0.32,0.376,0.2964,0.7001,0.185,1.8775,0.2101,7.2107,0.4627,0,1,0,0,1,1,0,1,0,2,0,0,0,0,0,0,0,0,0,3,1790,294,7.6,1.2,23241
26,MICHIGAN,MI,Wayne County,26163,"Wayne County, Michigan",611.9926218,1761382,0,814962,488,676587,2261,401149,6740,83328,1925,25976,186,166003,2454,258954,24,420346,61,279532,2894,81975,1688.4,888164,556,42752,1627.6,95945,1522.5,13700,729,14720,782.7,93668,1552,22487,1070,23.1,0.4,10.2,0.2,25976,186,14.1,0.2,14.7,0.1,23.9,0,16,0.2,12.1,0.2,50.4,0,2.6,0.1,11.8,0.2,1.7,0.1,2.2,0.1,13.8,0.2,1.3,0.1,0.8783,0.9411,0.522,0.6078,2.9492,0.7936,0.1917,0.7122,0.5517,0.922,2.3776,0.7845,0.8806,0.8192,1.6998,0.9019,0.9134,0.0646,0.5801,0.9771,0.2582,2.7934,0.6587,9.82,0.8723,0,1,0,0,1,0,0,0,1,1,0,0,0,1,0,0,1,0,2,4,125127,3107,7.2,0.2,1572813
26,MICHIGAN,MI,Lake County,26085,"Lake County, Michigan",567.5783539,11763,0,15245,69,4517,133,2718,291,493,99,19012,749,1538,153,3206,39,1934,17,2952,143,221,50.9,1800,10,23,55.2,70,34.1,4101,188,77,35.3,360,60,351,98,23.8,2.5,12.2,2.3,19012,749,17,1.6,27.3,0.3,16.4,0.1,25.8,1.3,4.9,1.1,15.3,0.1,0.2,0.5,0.5,0.2,26.9,1.2,1.7,0.8,8,1.3,3,0.8,0.8933,0.9723,0.9338,0.7424,3.5418,0.9395,0.9612,0.035,0.9764,0.0777,2.0503,0.5317,0.4785,0.1477,0.6262,0.2967,0.0844,0.9016,0.4056,0.7867,0.6686,2.8469,0.6877,9.0652,0.7818,0,1,1,0,2,1,0,1,0,2,0,0,0,0,1,0,0,0,1,5,860,175,7.5,1.5,9135